alpha_deg,cl,cdi,cd_profile,cd_profile_sens,m_dd,cd_wave,cd,cd_sens,l_d,n_stalled,n_below_polar
-4.0,0.170251999824,0.001145487475,0.005112990912781319,0.0025531420866116757,0.759861908732134,0.02871167326280389,0.03497015165058521,0.032410302824415566,4.868494753043226,0.0,0.0
-3.0,0.26577201525,0.002779501785,0.005272307270863877,0.0026326957775618157,0.7431599450232967,0.03769814912355416,0.045749958179418036,0.04311034668611598,5.809229687330411,0.0,0.0
-2.0,0.361247852337,0.005139013311,0.005567081944511565,0.002779889785569105,0.7264657060307025,0.048184694618682106,0.058890789874193675,0.05610359771525121,6.134199475142397,0.0,0.0
-1.0,0.45639299441,0.008214819849,0.005969651143981176,0.0029809103591379193,0.7098292900618787,0.060206251649641676,0.07439072264262285,0.0714019818577796,6.135079458799415,0.0,0.0
0.0,0.551331252632,0.011999365703,0.006463941996369248,0.0032277316032563947,0.6932290483603635,0.07383647505943203,0.09229978275880127,0.08906357236568842,5.973267066865633,0.0,0.0
1.0,0.64604863723,0.016481940081,0.007047284175173191,0.0035190201060145455,0.6766674270802944,0.08913015482979392,0.1126593790859671,0.10913111501680846,5.73453042677449,0.0,0.0
2.0,0.74037956617,0.021680934684,0.007770295094029241,0.0038800513766543395,0.660173378741312,0.10610884386862356,0.1355600736466528,0.1316698299292779,5.461634434485874,0.0,0.0
3.0,0.834248394154,0.027534144051,0.00887778680507587,0.00443307088055731,0.6437601301526491,0.1247968523481365,0.1612087832042124,0.15676406727969383,5.1749562125111375,0.0,0.0
4.0,0.927753200162,0.034065487825,nan,nan,0.6274105319078985,0.1452487643876443,nan,nan,nan,5.0,0.0
5.0,1.020628550539,0.041260398175,nan,nan,0.6111709958847503,0.1674332251036254,nan,nan,nan,9.0,0.0
6.0,1.113440165211,0.049087318368,nan,nan,0.5949426042424644,0.19151827537897972,nan,nan,nan,11.0,0.0
7.0,1.20546650863,0.057533068328,nan,nan,0.5788515196547335,0.217341861850811,nan,nan,nan,14.0,0.0
8.0,1.295723110739,0.066513941631,nan,nan,0.563069879689701,0.24459545482486808,nan,nan,nan,15.0,0.0
9.0,1.389787721283,0.076218216498,nan,nan,0.5466223979280496,0.2750788074924249,nan,nan,nan,19.0,0.0
10.0,1.478246367834,0.086467670362,nan,nan,0.5311551359323452,0.3057268146116023,nan,nan,nan,20.0,0.0
