alpha_deg,y_m,chord_m,cl,cl_n,cd_n,cd,status
-4.0,1.116,14.20379,0.12833,0.20388951136268924,0.004996290764498277,0.004160826724911386,0.0
-4.0,3.348,13.35137,0.13974,0.22201761332363587,0.005000963998188572,0.004201132021165196,0.0
-4.0,5.5609,12.50626,0.14975,0.2379214082955093,0.005005317533138865,0.004243777591410803,0.0
-4.0,7.75471,11.66843,0.1587,0.2521410851185131,0.0050093993139375915,0.004289167825669241,0.0
-4.0,9.91065,10.84506,0.16657,0.26464486797851744,0.005013410437768803,0.004337511959767672,0.0
-4.0,12.02873,10.03616,0.17365,0.275893506180402,0.005017431982060085,0.00438931621717076,0.0
-4.0,14.09083,9.24863,0.17959,0.28533092297689827,0.005020805989558703,0.004444060533645819,0.0
-4.0,16.09694,8.48248,0.18585,0.29527675279946847,0.005026469534932241,0.004504869164447695,0.0
-4.0,18.02991,7.74427,0.19092,0.3033319216813265,0.00503169565345765,0.004569419055397263,0.0
-4.0,19.88973,7.034,0.19578,0.3110534445148235,0.005036705305535262,0.004638488415298244,0.0
-4.0,21.66049,6.35774,0.19941,0.316820754779349,0.005040447082704342,0.004711150745807826,0.0
-4.0,23.3422,5.71548,0.20356,0.3234142362112446,0.0050461662603834175,0.004791062076767824,0.0
-4.0,24.92046,5.11274,0.2072,0.32919743438283494,0.005051304076164565,0.004875814894457413,0.0
-4.0,26.39528,4.5495,0.21088,0.33504418418268456,0.0050564983514597905,0.004966565330141984,0.0
-4.0,27.75403,4.03058,0.21388,0.3398105563021271,0.005060732815015682,0.00506198653526694,0.0
-4.0,28.99672,3.55599,0.21724,0.3451488930759028,0.00506547541419828,0.005163690209760366,0.0
-4.0,30.11272,3.12978,0.21988,0.34934330054101226,0.0050694666217963895,0.005269320831800039,0.0
-4.0,31.10203,2.75196,0.22186,0.3524891061398444,0.00507257963972407,0.00537778491026966,0.0
-4.0,31.95618,2.42576,0.22066,0.35058255729206733,0.005070692962192143,0.005481796186346553,0.0
-4.0,32.67517,2.15117,0.21344,0.33911148839127553,0.005060111760360818,0.0055737962799792765,0.0
-4.0,33.25285,1.93055,0.19301,0.30665249425787144,0.005033850010009545,0.005639881012887066,0.0
-4.0,33.68923,1.7639,0.16206,0.2574794218922888,0.005010931691980466,0.0056948414167659715,0.0
-4.0,33.98056,1.65264,0.12702,0.20180819553719928,0.004995754223206928,0.0057366110901460815,0.0
-4.0,34.12685,1.59677,0.07367,0.11704621134644522,0.0050012643845087044,0.005774469791106821,0.0
-3.0,1.116,14.20379,0.19678,0.31264223522130435,0.005037736098143823,0.004195341700116713,0.0
-3.0,3.348,13.35137,0.21331,0.338904945599433,0.005059928266940062,0.0042506658065806086,0.0
-3.0,5.5609,12.50626,0.22841,0.36289568526729404,0.005082877754585845,0.004309537321454371,0.0
-3.0,7.75471,11.66843,0.24244,0.38518641887922056,0.005106438277424336,0.004372254913349714,0.0
-3.0,9.91065,10.84506,0.2553,0.4056182673645645,0.005130088938958108,0.004438460086923527,0.0
-3.0,12.02873,10.03616,0.26735,0.42476319537765883,0.005156171014092465,0.004510686967273937,0.0
-3.0,14.09083,9.24863,0.27806,0.4417791438440689,0.00518064225584115,0.004585536233823902,0.0
-3.0,16.09694,8.48248,0.28941,0.45981191836262675,0.005208309250273505,0.004667839241321711,0.0
-3.0,18.02991,7.74427,0.2993,0.4755250584497225,0.005235188005089158,0.004754215969442263,0.0
-3.0,19.88973,7.034,0.30908,0.49106343155910537,0.005262562671792642,0.004846488826944979,0.0
-3.0,21.66049,6.35774,0.31722,0.5039961879098596,0.005285699754484832,0.004940380869368631,0.0
-3.0,23.3422,5.71548,0.32626,0.5183588558964466,0.005311437042228335,0.005042922344026471,0.0
-3.0,24.92046,5.11274,0.33463,0.5316570341096913,0.005336891797115437,0.005151480909112327,0.0
-3.0,26.39528,4.5495,0.34315,0.5451935309289083,0.005363267655671357,0.005267878548252516,0.0
-3.0,27.75403,4.03058,0.35059,0.557014133785126,0.005387458496910634,0.005388793158523346,0.0
-3.0,28.99672,3.55599,0.35852,0.5696132440875192,0.005414148239540203,0.005519123472664186,0.0
-3.0,30.11272,3.12978,0.36493,0.5797973925160615,0.005435728090999928,0.005650021472230729,0.0
-3.0,31.10203,2.75196,0.3698,0.5875348032566233,0.00545218022274419,0.005780225173860319,0.0
-3.0,31.95618,2.42576,0.36799,0.584659092077893,0.005446065570083591,0.0058876018909595025,0.0
-3.0,32.67517,2.15117,0.35421,0.5627655561425867,0.005399642212965999,0.005947794654579504,0.0
-3.0,33.25285,1.93055,0.31576,0.5016765534783975,0.005281543068632452,0.005917394124237915,0.0
-3.0,33.68923,1.7639,0.26107,0.4147855897409591,0.005142578032196717,0.005844455316278712,0.0
-3.0,33.98056,1.65264,0.20606,0.32738621297744674,0.005049694980013326,0.005798551115591893,0.0
-3.0,34.12685,1.59677,0.11727,0.18631748614901086,0.004993431082585925,0.005765425445149462,0.0
-2.0,1.116,14.20379,0.26505,0.4211089767527529,0.005151192692697526,0.004289826439493943,0.0
-2.0,3.348,13.35137,0.2867,0.4555062955480636,0.0052017032982989075,0.004369765968921127,0.0
-2.0,5.5609,12.50626,0.3069,0.487599867818977,0.005256460752220699,0.004456710329107844,0.0
-2.0,7.75471,11.66843,0.32602,0.5179775461268911,0.005310753751403286,0.00454719472196881,0.0
-2.0,9.91065,10.84506,0.34387,0.5463374602375746,0.005365496601464815,0.00464213053525774,0.0
-2.0,12.02873,10.03616,0.3609,0.5733945659689437,0.005422158527996494,0.004743376381404176,0.0
-2.0,14.09083,9.24863,0.37639,0.5980049340123322,0.00547444296364659,0.004845587734126968,0.0
-2.0,16.09694,8.48248,0.39286,0.6241723169480721,0.005531933877359689,0.0049578811073441,0.0
-2.0,18.02991,7.74427,0.40759,0.6475752040545352,0.005586882091303152,0.0050735988912039235,0.0
-2.0,19.88973,7.034,0.42231,0.6709622032539335,0.005645648275197247,0.005199286544037335,0.0
-2.0,21.66049,6.35774,0.43499,0.6911080694121108,0.005698898121219466,0.005326584664720059,0.0
-2.0,23.3422,5.71548,0.44896,0.7133034755816485,0.0057563722973352615,0.005465364316280839,0.0
-2.0,24.92046,5.11274,0.46209,0.7341642975577423,0.005816085428774949,0.0056140267015146435,0.0
-2.0,26.39528,4.5495,0.47548,0.755438205117521,0.005881821734582717,0.005777209814895044,0.0
-2.0,27.75403,4.03058,0.48742,0.7744083661529025,0.005940439471053572,0.005941911125365006,0.0
-2.0,28.99672,3.55599,0.49999,0.794379465333367,0.006002150103167361,0.006118526138408436,0.0
-2.0,30.11272,3.12978,0.51025,0.8106804579818606,0.006052956777366382,0.006291583241485032,0.0
-2.0,31.10203,2.75196,0.5181,0.8231524650277354,0.0060933655567737095,0.006459989132030077,0.0
-2.0,31.95618,2.42576,0.51586,0.8195935738452182,0.00608183489870079,0.0065749158157022815,0.0
-2.0,32.67517,2.15117,0.49578,0.7876906564590825,0.005981481705299497,0.006588700419412301,0.0
-2.0,33.25285,1.93055,0.44007,0.6991791262010336,0.005719912871378413,0.006408539772640997,0.0
-2.0,33.68923,1.7639,0.36144,0.5742525129504433,0.005423975988402542,0.00616425946331167,0.0
-2.0,33.98056,1.65264,0.29069,0.46184557046692226,0.005211429404711692,0.00598427031892521,0.0
-2.0,34.12685,1.59677,0.21119,0.33553670930169355,0.0050569359126939,0.005838748248115796,0.0
-1.0,1.116,14.20379,0.333,0.5290673052581276,0.005331845711499692,0.004440271228237829,0.0
-1.0,3.348,13.35137,0.35977,0.5715992324706203,0.005418355323813465,0.004551767631434432,0.0
-1.0,5.5609,12.50626,0.38506,0.6117797494375213,0.005504174291986434,0.004666735200094927,0.0
-1.0,7.75471,11.66843,0.40929,0.6502761482555527,0.005593559212198473,0.0047893395396101926,0.0
-1.0,9.91065,10.84506,0.43215,0.6865959038057051,0.005686971499555183,0.004920264797860152,0.0
-1.0,12.02873,10.03616,0.45417,0.7215810751624139,0.005777739407485451,0.005054443263115226,0.0
-1.0,14.09083,9.24863,0.47445,0.7538017506898457,0.005876765095674427,0.0052016946843806465,0.0
-1.0,16.09694,8.48248,0.49603,0.7880878541357028,0.005982709044840344,0.005361879010438866,0.0
-1.0,18.02991,7.74427,0.51562,0.8192122640756628,0.006080599471050121,0.005521957011084711,0.0
-1.0,19.88973,7.034,0.53527,0.8504320014580119,0.006177790465947547,0.005689355991692737,0.0
-1.0,21.66049,6.35774,0.5525,0.8778068653306771,0.006260365986155322,0.005851371396380474,0.0
-1.0,23.3422,5.71548,0.57138,0.9078032338690358,0.006353071003406724,0.006031897481142948,0.0
-1.0,24.92046,5.11274,0.58925,0.9361949237938489,0.006447685538578532,0.006223684163486236,0.0
-1.0,26.39528,4.5495,0.60748,0.965158578372995,0.006549470357930835,0.006432983885202115,0.0
-1.0,27.75403,4.03058,0.62387,0.9911988580522164,0.0066413992036398065,0.0066430445101562045,0.0
-1.0,28.99672,3.55599,0.64096,1.0183512912259742,0.0067399361249772995,0.00687061713603516,0.0
-1.0,30.11272,3.12978,0.65495,1.0405784732096417,0.006822897487748234,0.0070918774197763915,0.0
-1.0,31.10203,2.75196,0.66558,1.0574673184195331,0.006886564368933708,0.007300912864300921,0.0
-1.0,31.95618,2.42576,0.66271,1.0529074890919332,0.006869374909949483,0.007426305135159723,0.0
-1.0,32.67517,2.15117,0.63638,1.011074629790292,0.006712941207106017,0.007394415084069028,0.0
-1.0,33.25285,1.93055,0.566,0.8992555398681688,0.00632649107928437,0.0070881446299167076,0.0
-1.0,33.68923,1.7639,0.46925,0.7455400390161452,0.005851236433224809,0.006649833928597991,0.0
-1.0,33.98056,1.65264,0.34348,0.545717831862047,0.005364289255826693,0.006159798873366682,0.0
-1.0,34.12685,1.59677,0.29269,0.46502315187988397,0.0052166863131760674,0.006023196377784532,0.0
0.0,1.116,14.20379,0.40054,0.6363742295738452,0.005559266392188741,0.004629663337426566,0.0
0.0,3.348,13.35137,0.43245,0.6870725410176495,0.00568823135395634,0.004778480887596414,0.0
0.0,5.5609,12.50626,0.46287,0.7354035543087973,0.005819914728142392,0.004934436935057713,0.0
0.0,7.75471,11.66843,0.49223,0.7820504494510755,0.005964053483819469,0.005106565619992758,0.0
0.0,9.91065,10.84506,0.52012,0.8263618222548268,0.0061037637395001815,0.005280865899234243,0.0
0.0,12.02873,10.03616,0.54718,0.869354498772199,0.006234410880259294,0.005453945540083309,0.0
0.0,14.09083,9.24863,0.57229,0.9092490334119334,0.006357566864178349,0.005627266229737889,0.0
0.0,16.09694,8.48248,0.59902,0.9517174089961669,0.006502235055038872,0.005827493431695561,0.0
0.0,18.02991,7.74427,0.6235,0.9906110054908185,0.006639316760071422,0.006029343308441442,0.0
0.0,19.88973,7.034,0.64814,1.029758808498507,0.0067822556687143765,0.006246030379095054,0.0
0.0,21.66049,6.35774,0.66996,1.0644262217139193,0.00691319124938608,0.00646154707629291,0.0
0.0,23.3422,5.71548,0.69381,1.102318880063488,0.007060340417994634,0.006703411556470392,0.0
0.0,24.92046,5.11274,0.71648,1.1383367653794092,0.0072070237504169195,0.006956641931893533,0.0
0.0,26.39528,4.5495,0.73962,1.1751013823273764,0.00737026016530749,0.00723917542672095,0.0
0.0,27.75403,4.03058,0.76056,1.2083706597210857,0.007528670224915403,0.007530535339449412,0.0
0.0,28.99672,3.55599,0.78228,1.2428791938658499,0.007687368132054814,0.00783641895705418,0.0
0.0,30.11272,3.12978,0.80012,1.2712232200694686,0.00781493542687446,0.008123024593346588,0.0
0.0,31.10203,2.75196,0.81367,1.2927513341422843,0.007919541670104283,0.008396041997293376,0.0
0.0,31.95618,2.42576,0.81036,1.2874924369038325,0.007893005220357657,0.00853292562542865,0.0
0.0,32.67517,2.15117,0.7778,1.2357614115008158,0.007655672084834668,0.008432848642092036,0.0
0.0,33.25285,1.93055,0.69275,1.1006347619146182,0.007053731888300538,0.007902938797881823,0.0
0.0,33.68923,1.7639,0.5753,0.9140312934384409,0.006372437788269109,0.00724217069262355,0.0
0.0,33.98056,1.65264,0.41551,0.6601584264498636,0.005617989619238998,0.0064511223158940185,0.0
0.0,34.12685,1.59677,0.35315,0.561081437993717,0.005396074605502273,0.006230318456378198,0.0
1.0,1.116,14.20379,0.46755,0.7428390948151278,0.005842890524347048,0.004865860733562815,0.0
1.0,3.348,13.35137,0.50462,0.8017355663043733,0.006024880431463848,0.005061287806407427,0.0
1.0,5.5609,12.50626,0.5402,0.8582647396409625,0.006201005388763438,0.005257546107479256,0.0
1.0,7.75471,11.66843,0.57473,0.9131256827357467,0.0063696216996539145,0.005453822852537837,0.0
1.0,9.91065,10.84506,0.6077,0.9655081123284208,0.006550698699140792,0.00566754593605608,0.0
1.0,12.02873,10.03616,0.63981,1.0165241819135213,0.0067331579250751224,0.005890256086973328,0.0
1.0,14.09083,9.24863,0.66979,1.0641561272938176,0.0069121492633820066,0.006118143144337054,0.0
1.0,16.09694,8.48248,0.70171,1.1148703266446867,0.007109592667601573,0.0063718251065642845,0.0
1.0,18.02991,7.74427,0.73111,1.1615807734152241,0.007308774387477223,0.006637295905365109,0.0
1.0,19.88973,7.034,0.76077,1.2087043057694464,0.00753025886448167,0.006934894219185046,0.0
1.0,21.66049,6.35774,0.78724,1.250759595769995,0.007722460184334263,0.007217945840903028,0.0
1.0,23.3422,5.71548,0.81609,1.296596207651968,0.007938942941520246,0.007537597156747508,0.0
1.0,24.92046,5.11274,0.84361,1.3403197278943213,0.008159399450582687,0.00787593080343449,0.0
1.0,26.39528,4.5495,0.87169,1.384932970932304,0.008384583846020683,0.008235458719232612,0.0
1.0,27.75403,4.03058,0.89726,1.4255583492970196,0.008563103985456906,0.00856522536535832,0.0
1.0,28.99672,3.55599,0.92363,1.46745476022692,0.00874767290187729,0.00891728203733844,0.0
1.0,30.11272,3.12978,0.94538,1.5020109580928789,0.008933396348987757,0.00928557873880765,0.0
1.0,31.10203,2.75196,0.9619,1.5282577805639426,0.009109524109597396,0.009657622901115331,0.0
1.0,31.95618,2.42576,0.95822,1.522411030764093,0.009066185806378633,0.009801221085299152,0.0
1.0,32.67517,2.15117,0.91954,1.4609566062374133,0.008716001598532495,0.009600819030670917,0.0
1.0,33.25285,1.93055,0.82134,1.3049373588609925,0.007981032476616858,0.008941878172492689,0.0
1.0,33.68923,1.7639,0.69055,1.0971394223603603,0.0070400160719543015,0.00800086242752553,0.0
1.0,33.98056,1.65264,0.52222,0.8296982827384366,0.006114573731443543,0.007021348511576292,0.0
1.0,34.12685,1.59677,0.48199,0.7657812326167114,0.0059137816562263735,0.0068280640453354975,0.0
2.0,1.116,14.20379,0.5339,0.8482553581901331,0.006171339260215747,0.0051393873040491665,0.0
2.0,3.348,13.35137,0.57618,0.915429429260144,0.00637678543385046,0.005356910685210416,0.0
2.0,5.5609,12.50626,0.61697,0.9802362021774984,0.006602564445202363,0.005598009487486818,0.0
2.0,7.75471,11.66843,0.65671,1.043374744853048,0.00683343875876295,0.005850954141591187,0.0
2.0,9.91065,10.84506,0.69479,1.1038758949558392,0.007066450190730684,0.006113764790627815,0.0
2.0,12.02873,10.03616,0.732,1.162994797143992,0.007315041008119652,0.006399295145606667,0.0
2.0,14.09083,9.24863,0.7669,1.2184435928001742,0.007576632009916078,0.006706296033594621,0.0
2.0,16.09694,8.48248,0.80405,1.2774671675459384,0.00784317416491795,0.0070292823225890635,0.0
2.0,18.02991,7.74427,0.83842,1.3320739041276857,0.008121946682758906,0.007375759683242435,0.0
2.0,19.88973,7.034,0.87315,1.387252605363766,0.008394901182707784,0.0077311753460678955,0.0
2.0,21.66049,6.35774,0.90431,1.4367593237777097,0.008613694066278755,0.008050954718631242,0.0
2.0,23.3422,5.71548,0.93822,1.4906352166344758,0.008869075526308912,0.008420707764563353,0.0
2.0,24.92046,5.11274,0.97065,1.5421596992456503,0.00921257034687027,0.008892513108736351,0.0
2.0,26.39528,4.5495,1.00372,1.5947010079089723,0.00964538699162352,0.009473837683457376,0.0
2.0,27.75403,4.03058,1.03399,1.6427937025941481,0.010086232756847413,0.010088731468936825,0.0
2.0,28.99672,3.55599,1.06506,1.6921574298445083,0.01057569348412867,0.010780746216308474,0.0
2.0,30.11272,3.12978,1.09079,1.7330370147222611,0.011061247254086299,0.011497316173470386,0.0
2.0,31.10203,2.75196,1.11029,1.764018433498638,0.011487183852327368,0.012178340877837807,0.0
2.0,31.95618,2.42576,1.10631,1.757695046486844,0.01139291244027054,0.01231658560913054,0.0
2.0,32.67517,2.15117,1.06224,1.6876770400522327,0.010524586723149033,0.011593005274180822,0.0
2.0,33.25285,1.93055,0.95953,1.524492346589583,0.009081613300187487,0.010174959189539486,0.0
2.0,33.68923,1.7639,0.80964,1.2863485075951664,0.007887232941258693,0.008963710459163847,0.0
2.0,33.98056,1.65264,0.61946,0.9841922910366357,0.006616578727595006,0.007597799493662954,0.0
2.0,34.12685,1.59677,0.59237,0.9411519507980691,0.006465105650283369,0.007464623823829835,0.0
3.0,1.116,14.20379,0.59949,0.9524641406282128,0.00650485923853287,0.005417137119759322,0.0
3.0,3.348,13.35137,0.64703,1.027995250814313,0.006775713232287057,0.005692035742849698,0.0
3.0,5.5609,12.50626,0.69309,1.1011749507548216,0.007055851605372228,0.005982330737850486,0.0
3.0,7.75471,11.66843,0.73809,1.1726705325464606,0.007358685791324676,0.006300683247099677,0.0
3.0,9.91065,10.84506,0.78135,1.2414016185088228,0.007680788372252418,0.006645279064747042,0.0
3.0,12.02873,10.03616,0.82371,1.3087027928353523,0.008000491633357963,0.006998936467339751,0.0
3.0,14.09083,9.24863,0.86359,1.372063766209809,0.008314718112901135,0.007359597381531515,0.0
3.0,16.09694,8.48248,0.90601,1.4394602679787272,0.008625275054839864,0.007730224038839577,0.0
3.0,18.02991,7.74427,0.94541,1.5020586218140732,0.00893366584964144,0.008112903835877233,0.0
3.0,19.88973,7.034,0.98526,1.5653719314673358,0.009392607478754006,0.008650000017226359,0.0
3.0,21.66049,6.35774,1.0212,1.622473069458258,0.009887901549046564,0.00924191723331649,0.0
3.0,23.3422,5.71548,1.06022,1.684467682825141,0.010487978334078506,0.009957768465311751,0.0
3.0,24.92046,5.11274,1.09764,1.743920231061655,0.01119291006077128,0.010804053124449613,0.0
3.0,26.39528,4.5495,1.13578,1.8045167086068352,0.012166034436974182,0.011949653819731877,0.0
3.0,27.75403,4.03058,1.17088,1.8602832624043135,0.013295650136239316,0.01329894393309419,0.0
3.0,28.99672,3.55599,1.20676,1.9172890729528471,0.014732712719758042,0.015018366138149965,0.0
3.0,30.11272,3.12978,1.23661,1.9647144755413006,0.016458117671872143,0.017106948081627073,0.0
3.0,31.10203,2.75196,1.25923,2.000652921321898,0.018158987586836286,0.019251571461887256,0.0
3.0,31.95618,2.42576,1.25532,1.9944407496595578,0.01779716746175682,0.019240061555107952,0.0
3.0,32.67517,2.15117,1.20725,1.9180675803990224,0.014757288515955596,0.016255395874289733,0.0
3.0,33.25285,1.93055,1.08937,1.7307809319190584,0.01103395365036474,0.012362344044027253,0.0
3.0,33.68923,1.7639,0.917,1.456921077842952,0.008698969416641935,0.009886235606914383,0.0
3.0,33.98056,1.65264,0.71348,1.1335703932599666,0.007187210376739306,0.008253054276146666,0.0
3.0,34.12685,1.59677,0.72266,1.1481554919454608,0.007249276697108089,0.008370029271895299,0.0
4.0,1.116,14.20379,0.66421,1.0552906751516544,0.006878358947746116,0.005728181381411129,0.0
4.0,3.348,13.35137,0.71707,1.1392741518962328,0.007210920380573517,0.006057637792208282,0.0
4.0,5.5609,12.50626,0.76846,1.2209221063022844,0.007588433332408359,0.006433882189646879,0.0
4.0,7.75471,11.66843,0.81878,1.3008700546524015,0.00796050881759832,0.006815978554834047,0.0
4.0,9.91065,10.84506,0.86726,1.3778946281025939,0.008346373327783697,0.007221131120088276,0.0
4.0,12.02873,10.03616,0.91484,1.4534892899169531,0.008684485356451535,0.007597303271703471,0.0
4.0,14.09083,9.24863,0.95975,1.5248418805450088,0.009084204177010348,0.008040691742837194,0.0
4.0,16.09694,8.48248,1.0075,1.6007066367794702,0.009694479422342096,0.008688476297642642,0.0
4.0,18.02991,7.74427,1.05198,1.6713760474037387,0.010363405597336403,0.009411289210773046,0.0
4.0,19.88973,7.034,1.09702,1.742935180823637,0.011180993135202716,0.010296990588702986,0.0
4.0,21.66049,6.35774,1.1378,1.8077260658339265,0.012217751664477305,0.011419556424608802,0.0
4.0,23.3422,5.71548,1.18198,1.8779188392462511,0.013699760674261232,0.01300718217363314,0.0
4.0,24.92046,5.11274,1.22446,1.9454106684575583,0.01575264917769983,0.015205380695693617,0.0
4.0,26.39528,4.5495,1.26772,2.0141417544199203,0.019034454879867727,0.0186959150609059,0.0
4.0,27.75403,4.03058,1.31068,2.0823962031703385,0.025176941365666436,0.025183178573282144,0.0
4.0,28.99672,3.55599,1.35178,2.1476955012067016,nan,nan,1.0
4.0,30.11272,3.12978,1.38246,2.1964396000815345,nan,nan,1.0
4.0,31.10203,2.75196,1.40819,2.2373191849592873,nan,nan,1.0
4.0,31.95618,2.42576,1.40432,2.2311705649252063,nan,nan,1.0
4.0,32.67517,2.15117,1.35451,2.152032899835395,nan,nan,1.0
4.0,33.25285,1.93055,1.23192,1.9572630471279053,0.016191361141723374,0.01814065776581014,0.0
4.0,33.68923,1.7639,1.03127,1.63847219187252,0.01004280025509657,0.011413477243076887,0.0
4.0,33.98056,1.65264,0.81735,1.2985980839421338,0.007949044429943432,0.009127866263125535,0.0
4.0,34.12685,1.59677,0.85842,1.3638497182573028,0.008270124799292731,0.009548702518131415,0.0
5.0,1.116,14.20379,0.72794,1.15654430687568,0.007286453952155312,0.006068036021720303,0.0
5.0,3.348,13.35137,0.78621,1.2491231413423196,0.007715172923477845,0.0064812424223389285,0.0
5.0,5.5609,12.50626,0.843,1.339350565563368,0.008155018727136532,0.006914263780994233,0.0
5.0,7.75471,11.66843,0.8987,1.4278462079143521,0.008573437278560943,0.00734078260207447,0.0
5.0,9.91065,10.84506,0.95249,1.5133072600159576,0.00899870524185594,0.00778551688386104,0.0
5.0,12.02873,10.03616,1.00534,1.5972748488534712,0.00966642660478862,0.008456318533105226,0.0
5.0,14.09083,9.24863,1.05534,1.6767143841775145,0.010412646203439607,0.009216534185896748,0.0
5.0,16.09694,8.48248,1.10849,1.7611586102269725,0.011444475173632033,0.010256873727113343,0.0
5.0,18.02991,7.74427,1.15812,1.8400102929896178,0.012818168027411675,0.011640525435891573,0.0
5.0,19.88973,7.034,1.20841,1.9199105776185403,0.014815467951851883,0.013644113024910079,0.0
5.0,21.66049,6.35774,1.25412,1.9925342008117806,0.017698414138826633,0.016542162947381485,0.0
5.0,23.3422,5.71548,1.30354,2.071052237526065,0.02365526794472044,0.02245939814855017,0.0
5.0,24.92046,5.11274,1.35116,2.1467104509686834,nan,nan,1.0
5.0,26.39528,4.5495,1.39961,2.2236873606976815,nan,nan,1.0
5.0,27.75403,4.03058,1.44793,2.3004577276348366,nan,nan,1.0
5.0,28.99672,3.55599,1.49396,2.373589763854151,nan,nan,1.0
5.0,30.11272,3.12978,1.52857,2.4285778102054536,nan,nan,1.0
5.0,31.10203,2.75196,1.55746,2.4744779737156857,nan,nan,1.0
5.0,31.95618,2.42576,1.55384,2.468726551358225,nan,nan,1.0
5.0,32.67517,2.15117,1.50081,2.3844729801935447,nan,nan,1.0
5.0,33.25285,1.93055,1.37162,2.1792171088232823,nan,nan,1.0
5.0,33.68923,1.7639,1.16138,1.8451897506927455,0.012940504926357328,0.014706670922380453,0.0
5.0,33.98056,1.65264,0.9723,1.5447812039113438,0.009232001923041725,0.010601082889536989,0.0
5.0,34.12685,1.59677,0.96836,1.538521368527809,0.009185601674486853,0.010605713936411921,0.0
6.0,1.116,14.20379,0.79059,1.256082044636706,0.007746458283476375,0.0064511198744327605,0.0
6.0,3.348,13.35137,0.85435,1.357383340081926,0.00823652890929039,0.006919215046660276,0.0
6.0,5.5609,12.50626,0.91662,1.456317337374489,0.008696421294941772,0.007373294016333431,0.0
6.0,7.75471,11.66843,0.97778,1.5534877769828588,0.00929653830935662,0.007959919045713094,0.0
6.0,9.91065,10.84506,1.03695,1.6474965230853316,0.010133497538164508,0.008767318637016767,0.0
6.0,12.02873,10.03616,1.09514,1.739948254295453,0.011144857941543185,0.009749669925927863,0.0
6.0,14.09083,9.24863,1.15033,1.827633613386132,0.012566125011818544,0.011122640536602528,0.0
6.0,16.09694,8.48248,1.20893,1.9207367487859106,0.014841548388632981,0.013301430203438483,0.0
6.0,18.02991,7.74427,1.26379,2.0078978069434505,0.01861300840040474,0.016902976873141,0.0
6.0,19.88973,7.034,1.3194,2.0962504581308514,0.027753890859069638,0.02555958576487835,0.0
6.0,21.66049,6.35774,1.37013,2.1768498106706256,nan,nan,1.0
6.0,23.3422,5.71548,1.42487,2.2638202139433883,nan,nan,1.0
6.0,24.92046,5.11274,1.48093,2.3528878209487054,nan,nan,1.0
6.0,26.39528,4.5495,1.53505,2.4388731739834495,nan,nan,1.0
6.0,27.75403,4.03058,1.58529,2.5186940190770484,nan,nan,1.0
6.0,28.99672,3.55599,1.64025,2.6060139563052362,nan,nan,1.0
6.0,30.11272,3.12978,1.68565,2.678145054379468,nan,nan,1.0
6.0,31.10203,2.75196,1.71299,2.7215825922946544,nan,nan,1.0
6.0,31.95618,2.42576,1.71301,2.721614368108784,nan,nan,1.0
6.0,32.67517,2.15117,1.65729,2.6330869499436704,nan,nan,1.0
6.0,33.25285,1.93055,1.52336,2.4203002106246885,nan,nan,1.0
6.0,33.68923,1.7639,1.29886,2.0636166970197345,0.022864376882778557,0.02598498811088989,0.0
6.0,33.98056,1.65264,1.09686,1.7426809743106,0.011177917799572114,0.012835572838209786,0.0
6.0,34.12685,1.59677,1.10281,1.7521342790141612,0.011310128235332374,0.013058696522976712,0.0
7.0,1.116,14.20379,0.85204,1.353713233549955,0.008219939612305771,0.006845427143484933,0.0
7.0,3.348,13.35137,0.92139,1.463895869044403,0.008729210183389555,0.007333099065340713,0.0
7.0,5.5609,12.50626,0.98925,1.5717112063861942,0.009448332087763082,0.008010804454420253,0.0
7.0,7.75471,11.66843,1.05596,1.6776994344155327,0.01042173226766103,0.008923337096689578,0.0
7.0,9.91065,10.84506,1.12058,1.780367089868326,0.011766437319969226,0.01018010857733344,0.0
7.0,12.02873,10.03616,1.1842,1.8814459546146385,0.013777420232381656,0.01205267042443091,0.0
7.0,14.09083,9.24863,1.24465,1.977488352821407,0.016973869802128436,0.015024062879097948,0.0
7.0,16.09694,8.48248,1.30878,2.079377500828025,0.02471633242259561,0.02215150077305516,0.0
7.0,18.02991,7.74427,1.36895,2.174975037636978,nan,nan,1.0
7.0,19.88973,7.034,1.42998,2.2719389344535053,nan,nan,1.0
7.0,21.66049,6.35774,1.48583,2.3606728954104614,nan,nan,1.0
7.0,23.3422,5.71548,1.54887,2.4608302615470152,nan,nan,1.0
7.0,24.92046,5.11274,1.61136,2.560113792795004,nan,nan,1.0
7.0,26.39528,4.5495,1.6672,2.6488318658448957,nan,nan,1.0
7.0,27.75403,4.03058,1.72279,2.737152741218167,nan,nan,1.0
7.0,28.99672,3.55599,1.78322,2.833163363610806,nan,nan,1.0
7.0,30.11272,3.12978,1.83347,2.913000096611469,nan,nan,1.0
7.0,31.10203,2.75196,1.87039,2.9716582494947423,nan,nan,1.0
7.0,31.95618,2.42576,1.87548,2.97974519419073,nan,nan,1.0
7.0,32.67517,2.15117,1.80587,2.8691494731125973,nan,nan,1.0
7.0,33.25285,1.93055,1.67565,2.662257147314659,nan,nan,1.0
7.0,33.68923,1.7639,1.44038,2.2884623578009062,nan,nan,1.0
7.0,33.98056,1.65264,1.22546,1.9469994591640392,0.015812621595064694,0.018157590696745978,0.0
7.0,34.12685,1.59677,1.26979,2.017430551182336,0.019262039319833883,0.022239988854022348,0.0
8.0,1.116,14.20379,0.91218,1.4492631066377142,0.008666648504550399,0.007217438778659184,0.0
8.0,3.348,13.35137,0.98723,1.568501849159103,0.009420120631573024,0.007913508364162408,0.0
8.0,5.5609,12.50626,1.06077,1.6853415177137057,0.010497945964766027,0.008900723589693491,0.0
8.0,7.75471,11.66843,1.13311,1.8002746374205314,0.012097508751684303,0.010358177109999664,0.0
8.0,9.91065,10.84506,1.20328,1.9117600812942934,0.014558174412069191,0.012595468974376809,0.0
8.0,12.02873,10.03616,1.2724,2.0215772949262507,0.019548993613704227,0.01710171956586616,0.0
8.0,14.09083,9.24863,1.33821,2.1261356113197563,0.035365417379961094,0.031302953342758205,0.0
8.0,16.09694,8.48248,1.40794,2.236921987282667,nan,nan,1.0
8.0,18.02991,7.74427,1.4735,2.3410831059995525,nan,nan,1.0
8.0,19.88973,7.034,1.54002,2.4467694637946593,nan,nan,1.0
8.0,21.66049,6.35774,1.60109,2.5437969122394457,nan,nan,1.0
8.0,23.3422,5.71548,1.66986,2.6530580491241347,nan,nan,1.0
8.0,24.92046,5.11274,1.73813,2.7615247906555833,nan,nan,1.0
8.0,26.39528,4.5495,1.79916,2.8584886874721107,nan,nan,1.0
8.0,27.75403,4.03058,1.86017,2.9554208084745084,nan,nan,1.0
8.0,28.99672,3.55599,1.92609,3.0601538918457267,nan,nan,1.0
8.0,30.11272,3.12978,1.98123,3.1477598114010816,nan,nan,1.0
8.0,31.10203,2.75196,2.02174,3.212121722920621,nan,nan,1.0
8.0,31.95618,2.42576,2.02868,3.2231479304235986,nan,nan,1.0
8.0,32.67517,2.15117,1.95341,3.103559653946784,nan,nan,1.0
8.0,33.25285,1.93055,1.83002,2.9075187686741097,nan,nan,1.0
8.0,33.68923,1.7639,1.58334,2.5155958771994107,nan,nan,1.0
8.0,33.98056,1.65264,1.31365,2.0871149115685865,0.02592731089869652,0.02977226112289614,0.0
8.0,34.12685,1.59677,0.70991,1.12789841043783,0.007163632462062946,0.008271144268018582,0.0
9.0,1.116,14.20379,0.97112,1.5429064308776963,0.009218105401900926,0.007676682786721473,0.0
9.0,3.348,13.35137,1.05203,1.671455486939063,0.010364138344451036,0.00870654407558834,0.0
9.0,5.5609,12.50626,1.13142,1.7975895811265787,0.012052969927505012,0.01021915659688777,0.0
9.0,7.75471,11.66843,1.20953,1.9216900232097989,0.014871641200303463,0.01273345584045676,0.0
9.0,9.91065,10.84506,1.28542,2.0422633499246317,0.021040159999669933,0.01820356557014898,0.0
9.0,12.02873,10.03616,1.36021,2.161089006862335,nan,nan,1.0
9.0,14.09083,9.24863,1.43154,2.2744174479556154,nan,nan,1.0
9.0,16.09694,8.48248,1.50707,2.394418810016115,nan,nan,1.0
9.0,18.02991,7.74427,1.57824,2.5074930445963584,nan,nan,1.0
9.0,19.88973,7.034,1.65053,2.62234672476786,nan,nan,1.0
9.0,21.66049,6.35774,1.71717,2.7282237374477445,nan,nan,1.0
9.0,23.3422,5.71548,1.79205,2.8471923855490315,nan,nan,1.0
9.0,24.92046,5.11274,1.86664,2.965700284345439,nan,nan,1.0
9.0,26.39528,4.5495,1.93819,3.079378259394145,nan,nan,1.0
9.0,27.75403,4.03058,2.01252,3.197473072606867,nan,nan,1.0
9.0,28.99672,3.55599,2.07992,3.3045575662236777,nan,nan,1.0
9.0,30.11272,3.12978,2.13634,3.3941971378833284,nan,nan,1.0
9.0,31.10203,2.75196,2.18353,3.4691721713221604,nan,nan,1.0
9.0,31.95618,2.42576,2.20993,3.5111162459732546,nan,nan,1.0
9.0,32.67517,2.15117,2.15041,3.4165514231235137,nan,nan,1.0
9.0,33.25285,1.93055,2.02917,3.2239264378697743,nan,nan,1.0
9.0,33.68923,1.7639,1.8437,2.929253425538768,nan,nan,1.0
9.0,33.98056,1.65264,1.90595,3.028155647017202,nan,nan,1.0
9.0,34.12685,1.59677,2.51561,3.9967777891303253,nan,nan,1.0
10.0,1.116,14.20379,1.02821,1.6336104923106889,0.00999482369343899,0.00832352068657369,0.0
10.0,3.348,13.35137,1.11504,1.7715651893544222,0.011616090943804419,0.009758264935012567,0.0
10.0,5.5609,12.50626,1.2003,1.9070254849889805,0.014408713447439093,0.012216482739498772,0.0
10.0,7.75471,11.66843,1.28419,2.0403091373556603,0.02089830946587386,0.01789363373818313,0.0
10.0,9.91065,10.84506,1.36577,2.169922683190369,nan,nan,1.0
10.0,12.02873,10.03616,1.4472,2.299297910419106,nan,nan,1.0
10.0,14.09083,9.24863,1.52552,2.423731998550687,nan,nan,1.0
10.0,16.09694,8.48248,1.60569,2.551105349489258,nan,nan,1.0
10.0,18.02991,7.74427,1.68084,2.6705029710812944,nan,nan,1.0
10.0,19.88973,7.034,1.75866,2.794142663859635,nan,nan,1.0
10.0,21.66049,6.35774,1.83055,2.908360827748545,nan,nan,1.0
10.0,23.3422,5.71548,1.91108,3.0363061433414487,nan,nan,1.0
10.0,24.92046,5.11274,1.99136,3.1638542612577325,nan,nan,1.0
10.0,26.39528,4.5495,2.06814,3.285841611701333,nan,nan,1.0
10.0,27.75403,4.03058,2.14813,3.4129289803127376,nan,nan,1.0
10.0,28.99672,3.55599,2.22,3.5271153683875176,nan,nan,1.0
10.0,30.11272,3.12978,2.27984,3.6221886042633322,nan,nan,1.0
10.0,31.10203,2.75196,2.33,3.7018823461004122,nan,nan,1.0
10.0,31.95618,2.42576,2.3452,3.7260319648389215,nan,nan,1.0
10.0,32.67517,2.15117,2.2767,3.617199801444982,nan,nan,1.0
10.0,33.25285,1.93055,2.16424,3.438524398594144,nan,nan,1.0
10.0,33.68923,1.7639,1.95991,3.113886793538909,nan,nan,1.0
10.0,33.98056,1.65264,2.04478,3.24872746079794,nan,nan,1.0
10.0,34.12685,1.59677,2.63044,4.179218625955523,nan,nan,1.0
