quantity,value,unit
a0_per_deg,0.116195,1/deg
a0_per_rad,6.65749,1/rad
a0_min_per_deg,0.115913,1/deg
a0_max_per_deg,0.116544,1/deg
lift_fit_r_squared,0.999917,-
alpha_0l_deg,-2.70852,deg
alpha_0l_min_deg,-2.71687,deg
alpha_0l_max_deg,-2.69195,deg
cl_max,2.13368,-
alpha_stall_deg,21.25,deg
stall_detected,1,bool
cd_min,0.0049913,-
cl_at_cd_min,0.170446,-
cm_c4,-0.0667865,-
x_ac,0.254318,chord
ld_max,168.192,-
cl_at_ld_max,1.51249,-
alpha_at_ld_max_deg,10.75,deg
alpha_0l_streamwise_deg,-2.14941,deg
