airfoil,varied,panel_nodes,ncrit,converged,a0_per_deg,alpha_0l_deg,cl_max,alpha_stall_deg,cd_min,cl_at_cd_min
NACA 2412,panel_nodes,100,10,134/137,0.113637,-2.17965,1.91554,19.25,0.00493553,0.423481
NACA 2412,panel_nodes,160,10,136/137,0.113648,-2.1801,1.90845,18.5,0.00499617,0.366923
NACA 2412,panel_nodes,240,10,136/137,0.113762,-2.17893,1.90955,18.75,0.00502944,0.338257
NACA 2412,panel_nodes,320,10,136/137,0.113716,-2.17925,1.90916,18.75,0.00503868,0.338133
NACA 2412,panel_nodes,400,10,134/137,0.113702,-2.18031,1.90882,18.75,0.00504533,0.338062
NACA 2412,ncrit,240,9,135/137,0.114052,-2.17136,1.90873,19,0.0051746,0.308888
NACA 2412,ncrit,240,10,136/137,0.113762,-2.17893,1.90955,18.75,0.00502944,0.338257
NACA 2412,ncrit,240,11,135/137,0.11374,-2.18528,1.91167,18.75,0.00483912,0.424597
NACA 66-410,panel_nodes,100,10,121/137,0.107411,-3.3521,1.66487,16.25,0.00365245,0.402024
NACA 66-410,panel_nodes,160,10,111/122,0.107883,-3.36678,1.71878,15.5,0.00296301,0.40703
NACA 66-410,panel_nodes,240,10,112/123,0.108292,-3.36898,1.77572,16.75,0.00290818,0.408138
NACA 66-410,panel_nodes,320,10,105/124,0.108662,-3.36613,1.7793,16.75,0.00290378,0.408511
NACA 66-410,panel_nodes,400,10,112/127,0.10884,-3.36677,1.79085,16.5,0.00290077,0.408914
NACA 66-410,ncrit,240,9,112/124,0.108352,-3.35703,1.78076,16.75,0.00311545,0.406804
NACA 66-410,ncrit,240,10,112/123,0.108292,-3.36898,1.77572,16.75,0.00290818,0.408138
NACA 66-410,ncrit,240,11,109/123,0.10833,-3.37227,1.76567,16.75,0.00282101,0.408907
