alpha_deg,cl_datcom,cl_vspaero
-4.0,0.17354573095934334,0.169744672972
-3.0,0.2679933718238802,0.265407636212
-2.0,0.36244101268841716,0.360918617989
-1.0,0.45688865355295416,0.456309351626
0.0,0.551336294417491,0.551329246264
1.0,0.6457839352820279,0.646106780135
2.0,0.7402315761465649,0.740523945717
3.0,0.8346792170111018,0.834518176136
4.0,0.9291268578756386,0.928049712734
5.0,1.0235744987401758,1.021201224795
6.0,1.1180221396047128,1.11421432906
7.0,1.2124697804692495,1.206131847844
8.0,1.3069174213337864,1.297866742124
9.0,1.4013650621983234,1.387923229739
10.0,1.4958127030628605,1.48101608529
