alpha_deg,cl,cdi,cmy
-4.0,0.169744672972,0.001299048199,-0.094492738083
-3.0,0.265407636212,0.002868689078,-0.10998747746
-2.0,0.360918617989,0.005154144727,-0.125156912408
-1.0,0.456309351626,0.008164003513,-0.140127869823
0.0,0.551329246264,0.011887948714,-0.154714226028
1.0,0.646106780135,0.016316699363,-0.169035473998
2.0,0.740523945717,0.021438803256,-0.183058944148
3.0,0.834518176136,0.02727062935,-0.196769197641
4.0,0.928049712734,0.033745699994,-0.210135901767
5.0,1.021201224795,0.040890836529,-0.223325363965
6.0,1.11421432906,0.048691499219,-0.23678503091
7.0,1.206131847844,0.057110799644,-0.249383696098
8.0,1.297866742124,0.066130336617,-0.262256851431
9.0,1.387923229739,0.075696348542,-0.273224626241
10.0,1.48101608529,0.085870304399,-0.289730042303
