alpha_deg,y_m,chord_m,area_m2,cl
-4.0,1.116,14.20369,31.70836,0.16198
-4.0,3.348,13.35127,29.80423,0.17545
-4.0,5.5609,12.50617,27.43735,0.18427
-4.0,7.75471,11.66834,25.59876,0.1895
-4.0,9.91065,10.845,22.97058,0.19167
-4.0,12.02873,10.03608,21.25728,0.19126
-4.0,14.09083,9.24858,18.55446,0.18773
-4.0,16.09694,8.48243,17.01776,0.18412
-4.0,18.02991,7.74424,14.40512,0.17742
-4.0,19.88973,7.03396,13.08437,0.16957
-4.0,21.66049,6.35771,10.69525,0.15915
-4.0,23.3422,5.71546,9.61523,0.14885
-4.0,24.92046,5.11272,7.54428,0.13752
-4.0,26.39528,4.54948,6.71349,0.1258
-4.0,27.75403,4.03057,5.01246,0.11339
-4.0,28.99672,3.55598,4.42246,0.10155
-4.0,30.11272,3.12978,3.09923,0.09033
-4.0,31.10203,2.75196,2.72521,0.08026
-4.0,31.95618,2.42576,1.74605,0.07261
-4.0,32.67517,2.15117,1.54846,0.06772
-4.0,33.25285,1.93055,0.8435,0.06524
-4.0,33.68923,1.7639,0.7707,0.06166
-4.0,33.98056,1.65264,0.24209,0.05694
-4.0,34.12685,1.59677,0.23391,0.03654
-3.0,1.116,14.20369,31.70836,0.23039
-3.0,3.348,13.35127,29.80423,0.24901
-3.0,5.5609,12.50617,27.43735,0.26295
-3.0,7.75471,11.66834,25.59876,0.27331
-3.0,9.91065,10.845,22.97058,0.28051
-3.0,12.02873,10.03608,21.25728,0.28511
-3.0,14.09083,9.24858,18.55446,0.28636
-3.0,16.09694,8.48243,17.01776,0.28787
-3.0,18.02991,7.74424,14.40512,0.28601
-3.0,19.88973,7.03396,13.08437,0.28308
-3.0,21.66049,6.35771,10.69525,0.27719
-3.0,23.3422,5.71546,9.61523,0.27179
-3.0,24.92046,5.11272,7.54428,0.26517
-3.0,26.39528,4.54948,6.71349,0.25828
-3.0,27.75403,4.03057,5.01246,0.2503
-3.0,28.99672,3.55598,4.42246,0.24303
-3.0,30.11272,3.12978,3.09923,0.2356
-3.0,31.10203,2.75196,2.72521,0.22845
-3.0,31.95618,2.42576,1.74605,0.22033
-3.0,32.67517,2.15117,1.54846,0.2094
-3.0,33.25285,1.93055,0.8435,0.1901
-3.0,33.68923,1.7639,0.7707,0.1629
-3.0,33.98056,1.65264,0.24209,0.13225
-3.0,34.12685,1.59677,0.23391,0.0794
-2.0,1.116,14.20369,31.70836,0.2986
-2.0,3.348,13.35127,29.80423,0.32236
-2.0,5.5609,12.50617,27.43735,0.34145
-2.0,7.75471,11.66834,25.59876,0.35696
-2.0,9.91065,10.845,22.97058,0.36919
-2.0,12.02873,10.03608,21.25728,0.37882
-2.0,14.09083,9.24858,18.55446,0.38489
-2.0,16.09694,8.48243,17.01776,0.39153
-2.0,18.02991,7.74424,14.40512,0.39452
-2.0,19.88973,7.03396,13.08437,0.39655
-2.0,21.66049,6.35771,10.69525,0.39519
-2.0,23.3422,5.71546,9.61523,0.3947
-2.0,24.92046,5.11272,7.54428,0.39281
-2.0,26.39528,4.54948,6.71349,0.39077
-2.0,27.75403,4.03057,5.01246,0.3872
-2.0,28.99672,3.55598,4.42246,0.38449
-2.0,30.11272,3.12978,3.09923,0.38081
-2.0,31.10203,2.75196,2.72521,0.37652
-2.0,31.95618,2.42576,1.74605,0.36772
-2.0,32.67517,2.15117,1.54846,0.35011
-2.0,33.25285,1.93055,0.8435,0.31256
-2.0,33.68923,1.7639,0.7707,0.26064
-2.0,33.98056,1.65264,0.24209,0.208
-2.0,34.12685,1.59677,0.23391,0.1192
-1.0,1.116,14.20369,31.70836,0.3665
-1.0,3.348,13.35127,29.80423,0.39542
-1.0,5.5609,12.50617,27.43735,0.41968
-1.0,7.75471,11.66834,25.59876,0.44035
-1.0,9.91065,10.845,22.97058,0.45766
-1.0,12.02873,10.03608,21.25728,0.47234
-1.0,14.09083,9.24858,18.55446,0.48326
-1.0,16.09694,8.48243,17.01776,0.49506
-1.0,18.02991,7.74424,14.40512,0.50294
-1.0,19.88973,7.03396,13.08437,0.50994
-1.0,21.66049,6.35771,10.69525,0.51316
-1.0,23.3422,5.71546,9.61523,0.51761
-1.0,24.92046,5.11272,7.54428,0.52048
-1.0,26.39528,4.54948,6.71349,0.5233
-1.0,27.75403,4.03057,5.01246,0.52421
-1.0,28.99672,3.55598,4.42246,0.5261
-1.0,30.11272,3.12978,3.09923,0.52622
-1.0,31.10203,2.75196,2.72521,0.52483
-1.0,31.95618,2.42576,1.74605,0.51544
-1.0,32.67517,2.15117,1.54846,0.49117
-1.0,33.25285,1.93055,0.8435,0.43547
-1.0,33.68923,1.7639,0.7707,0.35839
-1.0,33.98056,1.65264,0.24209,0.29141
-1.0,34.12685,1.59677,0.23391,0.20192
0.0,1.116,14.20369,31.70836,0.43393
0.0,3.348,13.35127,29.80423,0.46803
0.0,5.5609,12.50617,27.43735,0.49748
0.0,7.75471,11.66834,25.59876,0.52334
0.0,9.91065,10.845,22.97058,0.54575
0.0,12.02873,10.03608,21.25728,0.56551
0.0,14.09083,9.24858,18.55446,0.5813
0.0,16.09694,8.48243,17.01776,0.59828
0.0,18.02991,7.74424,14.40512,0.61106
0.0,19.88973,7.03396,13.08437,0.62305
0.0,21.66049,6.35771,10.69525,0.63085
0.0,23.3422,5.71546,9.61523,0.64023
0.0,24.92046,5.11272,7.54428,0.64783
0.0,26.39528,4.54948,6.71349,0.65547
0.0,27.75403,4.03057,5.01246,0.66081
0.0,28.99672,3.55598,4.42246,0.66717
0.0,30.11272,3.12978,3.09923,0.67098
0.0,31.10203,2.75196,2.72521,0.67233
0.0,31.95618,2.42576,1.74605,0.66236
0.0,32.67517,2.15117,1.54846,0.63208
0.0,33.25285,1.93055,0.8435,0.56268
0.0,33.68923,1.7639,0.7707,0.46914
0.0,33.98056,1.65264,0.24209,0.34608
0.0,34.12685,1.59677,0.23391,0.27028
1.0,1.116,14.20369,31.70836,0.50083
1.0,3.348,13.35127,29.80423,0.54015
1.0,5.5609,12.50617,27.43735,0.57483
1.0,7.75471,11.66834,25.59876,0.60594
1.0,9.91065,10.845,22.97058,0.63348
1.0,12.02873,10.03608,21.25728,0.65838
1.0,14.09083,9.24858,18.55446,0.67909
1.0,16.09694,8.48243,17.01776,0.7013
1.0,18.02991,7.74424,14.40512,0.71903
1.0,19.88973,7.03396,13.08437,0.73607
1.0,21.66049,6.35771,10.69525,0.74851
1.0,23.3422,5.71546,9.61523,0.76287
1.0,24.92046,5.11272,7.54428,0.77527
1.0,26.39528,4.54948,6.71349,0.7878
1.0,27.75403,4.03057,5.01246,0.79766
1.0,28.99672,3.55598,4.42246,0.80859
1.0,30.11272,3.12978,3.09923,0.81619
1.0,31.10203,2.75196,2.72521,0.8204
1.0,31.95618,2.42576,1.74605,0.80991
1.0,32.67517,2.15117,1.54846,0.77327
1.0,33.25285,1.93055,0.8435,0.68924
1.0,33.68923,1.7639,0.7707,0.57521
1.0,33.98056,1.65264,0.24209,0.4187
1.0,34.12685,1.59677,0.23391,0.35679
2.0,1.116,14.20369,31.70836,0.56706
2.0,3.348,13.35127,29.80423,0.61164
2.0,5.5609,12.50617,27.43735,0.65161
2.0,7.75471,11.66834,25.59876,0.688
2.0,9.91065,10.845,22.97058,0.72075
2.0,12.02873,10.03608,21.25728,0.75082
2.0,14.09083,9.24858,18.55446,0.77652
2.0,16.09694,8.48243,17.01776,0.804
2.0,18.02991,7.74424,14.40512,0.82673
2.0,19.88973,7.03396,13.08437,0.84886
2.0,21.66049,6.35771,10.69525,0.866
2.0,23.3422,5.71546,9.61523,0.88539
2.0,24.92046,5.11272,7.54428,0.90264
2.0,26.39528,4.54948,6.71349,0.92009
2.0,27.75403,4.03057,5.01246,0.93454
2.0,28.99672,3.55598,4.42246,0.95005
2.0,30.11272,3.12978,3.09923,0.96149
2.0,31.10203,2.75196,2.72521,0.96855
2.0,31.95618,2.42576,1.74605,0.95757
2.0,32.67517,2.15117,1.54846,0.91453
2.0,33.25285,1.93055,0.8435,0.81714
2.0,33.68923,1.7639,0.7707,0.68946
2.0,33.98056,1.65264,0.24209,0.52492
2.0,34.12685,1.59677,0.23391,0.42338
3.0,1.116,14.20369,31.70836,0.6325
3.0,3.348,13.35127,29.80423,0.68241
3.0,5.5609,12.50617,27.43735,0.72772
3.0,7.75471,11.66834,25.59876,0.76946
3.0,9.91065,10.845,22.97058,0.80746
3.0,12.02873,10.03608,21.25728,0.84277
3.0,14.09083,9.24858,18.55446,0.8735
3.0,16.09694,8.48243,17.01776,0.90631
3.0,18.02991,7.74424,14.40512,0.9341
3.0,19.88973,7.03396,13.08437,0.96137
3.0,21.66049,6.35771,10.69525,0.98327
3.0,23.3422,5.71546,9.61523,1.00773
3.0,24.92046,5.11272,7.54428,1.02988
3.0,26.39528,4.54948,6.71349,1.0523
3.0,27.75403,4.03057,5.01246,1.07141
3.0,28.99672,3.55598,4.42246,1.09153
3.0,30.11272,3.12978,3.09923,1.10687
3.0,31.10203,2.75196,2.72521,1.1168
3.0,31.95618,2.42576,1.74605,1.10541
3.0,32.67517,2.15117,1.54846,1.05666
3.0,33.25285,1.93055,0.8435,0.95432
3.0,33.68923,1.7639,0.7707,0.80864
3.0,33.98056,1.65264,0.24209,0.61989
3.0,34.12685,1.59677,0.23391,0.50912
4.0,1.116,14.20369,31.70836,0.69707
4.0,3.348,13.35127,29.80423,0.75236
4.0,5.5609,12.50617,27.43735,0.80309
4.0,7.75471,11.66834,25.59876,0.85025
4.0,9.91065,10.845,22.97058,0.89356
4.0,12.02873,10.03608,21.25728,0.93418
4.0,14.09083,9.24858,18.55446,0.97002
4.0,16.09694,8.48243,17.01776,1.00821
4.0,18.02991,7.74424,14.40512,1.04112
4.0,19.88973,7.03396,13.08437,1.07359
4.0,21.66049,6.35771,10.69525,1.10033
4.0,23.3422,5.71546,9.61523,1.12992
4.0,24.92046,5.11272,7.54428,1.15705
4.0,26.39528,4.54948,6.71349,1.18449
4.0,27.75403,4.03057,5.01246,1.21136
4.0,28.99672,3.55598,4.42246,1.23652
4.0,30.11272,3.12978,3.09923,1.25242
4.0,31.10203,2.75196,2.72521,1.26521
4.0,31.95618,2.42576,1.74605,1.25342
4.0,32.67517,2.15117,1.54846,1.20029
4.0,33.25285,1.93055,0.8435,1.08099
4.0,33.68923,1.7639,0.7707,0.91312
4.0,33.98056,1.65264,0.24209,0.71939
4.0,34.12685,1.59677,0.23391,0.59147
5.0,1.116,14.20369,31.70836,0.76061
5.0,3.348,13.35127,29.80423,0.82139
5.0,5.5609,12.50617,27.43735,0.87762
5.0,7.75471,11.66834,25.59876,0.93027
5.0,9.91065,10.845,22.97058,0.97898
5.0,12.02873,10.03608,21.25728,1.02583
5.0,14.09083,9.24858,18.55446,1.06699
5.0,16.09694,8.48243,17.01776,1.10965
5.0,18.02991,7.74424,14.40512,1.14775
5.0,19.88973,7.03396,13.08437,1.18551
5.0,21.66049,6.35771,10.69525,1.21717
5.0,23.3422,5.71546,9.61523,1.25197
5.0,24.92046,5.11272,7.54428,1.28416
5.0,26.39528,4.54948,6.71349,1.31671
5.0,27.75403,4.03057,5.01246,1.34881
5.0,28.99672,3.55598,4.42246,1.37879
5.0,30.11272,3.12978,3.09923,1.39848
5.0,31.10203,2.75196,2.72521,1.41434
5.0,31.95618,2.42576,1.74605,1.40278
5.0,32.67517,2.15117,1.54846,1.34904
5.0,33.25285,1.93055,0.8435,1.22269
5.0,33.68923,1.7639,0.7707,1.0296
5.0,33.98056,1.65264,0.24209,0.81959
5.0,34.12685,1.59677,0.23391,0.71822
6.0,1.116,14.20369,31.70836,0.82306
6.0,3.348,13.35127,29.80423,0.88941
6.0,5.5609,12.50617,27.43735,0.95123
6.0,7.75471,11.66834,25.59876,1.00945
6.0,9.91065,10.845,22.97058,1.06364
6.0,12.02873,10.03608,21.25728,1.116
6.0,14.09083,9.24858,18.55446,1.1636
6.0,16.09694,8.48243,17.01776,1.21182
6.0,18.02991,7.74424,14.40512,1.25391
6.0,19.88973,7.03396,13.08437,1.29702
6.0,21.66049,6.35771,10.69525,1.33369
6.0,23.3422,5.71546,9.61523,1.37651
6.0,24.92046,5.11272,7.54428,1.41783
6.0,26.39528,4.54948,6.71349,1.45242
6.0,27.75403,4.03057,5.01246,1.48621
6.0,28.99672,3.55598,4.42246,1.52484
6.0,30.11272,3.12978,3.09923,1.54998
6.0,31.10203,2.75196,2.72521,1.56337
6.0,31.95618,2.42576,1.74605,1.55186
6.0,32.67517,2.15117,1.54846,1.49472
6.0,33.25285,1.93055,0.8435,1.36142
6.0,33.68923,1.7639,0.7707,1.15811
6.0,33.98056,1.65264,0.24209,0.96756
6.0,34.12685,1.59677,0.23391,0.79746
7.0,1.116,14.20369,31.70836,0.88429
7.0,3.348,13.35127,29.80423,0.95631
7.0,5.5609,12.50617,27.43735,1.02383
7.0,7.75471,11.66834,25.59876,1.0877
7.0,9.91065,10.845,22.97058,1.14746
7.0,12.02873,10.03608,21.25728,1.20542
7.0,14.09083,9.24858,18.55446,1.25847
7.0,16.09694,8.48243,17.01776,1.31222
7.0,18.02991,7.74424,14.40512,1.35957
7.0,19.88973,7.03396,13.08437,1.40811
7.0,21.66049,6.35771,10.69525,1.44989
7.0,23.3422,5.71546,9.61523,1.49829
7.0,24.92046,5.11272,7.54428,1.5452
7.0,26.39528,4.54948,6.71349,1.58475
7.0,27.75403,4.03057,5.01246,1.62366
7.0,28.99672,3.55598,4.42246,1.66752
7.0,30.11272,3.12978,3.09923,1.70203
7.0,31.10203,2.75196,2.72521,1.71871
7.0,31.95618,2.42576,1.74605,1.71076
7.0,32.67517,2.15117,1.54846,1.65094
7.0,33.25285,1.93055,0.8435,1.49977
7.0,33.68923,1.7639,0.7707,1.27904
7.0,33.98056,1.65264,0.24209,1.09112
7.0,34.12685,1.59677,0.23391,0.89599
8.0,1.116,14.20369,31.70836,0.94422
8.0,3.348,13.35127,29.80423,1.02204
8.0,5.5609,12.50617,27.43735,1.09534
8.0,7.75471,11.66834,25.59876,1.16497
8.0,9.91065,10.845,22.97058,1.23039
8.0,12.02873,10.03608,21.25728,1.29404
8.0,14.09083,9.24858,18.55446,1.35263
8.0,16.09694,8.48243,17.01776,1.41381
8.0,18.02991,7.74424,14.40512,1.46683
8.0,19.88973,7.03396,13.08437,1.51876
8.0,21.66049,6.35771,10.69525,1.56575
8.0,23.3422,5.71546,9.61523,1.61982
8.0,24.92046,5.11272,7.54428,1.67241
8.0,26.39528,4.54948,6.71349,1.72124
8.0,27.75403,4.03057,5.01246,1.77156
8.0,28.99672,3.55598,4.42246,1.81569
8.0,30.11272,3.12978,3.09923,1.84959
8.0,31.10203,2.75196,2.72521,1.86904
8.0,31.95618,2.42576,1.74605,1.86234
8.0,32.67517,2.15117,1.54846,1.79854
8.0,33.25285,1.93055,0.8435,1.66265
8.0,33.68923,1.7639,0.7707,1.43051
8.0,33.98056,1.65264,0.24209,1.2163
8.0,34.12685,1.59677,0.23391,1.01923
9.0,1.116,14.20369,31.70836,1.00281
9.0,3.348,13.35127,29.80423,1.08654
9.0,5.5609,12.50617,27.43735,1.16567
9.0,7.75471,11.66834,25.59876,1.24115
9.0,9.91065,10.845,22.97058,1.31233
9.0,12.02873,10.03608,21.25728,1.38176
9.0,14.09083,9.24858,18.55446,1.44599
9.0,16.09694,8.48243,17.01776,1.51299
9.0,18.02991,7.74424,14.40512,1.57405
9.0,19.88973,7.03396,13.08437,1.63172
9.0,21.66049,6.35771,10.69525,1.6812
9.0,23.3422,5.71546,9.61523,1.74101
9.0,24.92046,5.11272,7.54428,1.79938
9.0,26.39528,4.54948,6.71349,1.85365
9.0,27.75403,4.03057,5.01246,1.90976
9.0,28.99672,3.55598,4.42246,1.95879
9.0,30.11272,3.12978,3.09923,1.99701
9.0,31.10203,2.75196,2.72521,2.0268
9.0,31.95618,2.42576,1.74605,2.02532
9.0,32.67517,2.15117,1.54846,1.94464
9.0,33.25285,1.93055,0.8435,1.81475
9.0,33.68923,1.7639,0.7707,1.56884
9.0,33.98056,1.65264,0.24209,1.29308
9.0,34.12685,1.59677,0.23391,0.47404
10.0,1.116,14.20369,31.70836,1.05997
10.0,3.348,13.35127,29.80423,1.1498
10.0,5.5609,12.50617,27.43735,1.23499
10.0,7.75471,11.66834,25.59876,1.31648
10.0,9.91065,10.845,22.97058,1.39359
10.0,12.02873,10.03608,21.25728,1.46896
10.0,14.09083,9.24858,18.55446,1.539
10.0,16.09694,8.48243,17.01776,1.61201
10.0,18.02991,7.74424,14.40512,1.67888
10.0,19.88973,7.03396,13.08437,1.74559
10.0,21.66049,6.35771,10.69525,1.80502
10.0,23.3422,5.71546,9.61523,1.8673
10.0,24.92046,5.11272,7.54428,1.92771
10.0,26.39528,4.54948,6.71349,1.98801
10.0,27.75403,4.03057,5.01246,2.0508
10.0,28.99672,3.55598,4.42246,2.10594
10.0,30.11272,3.12978,3.09923,2.15035
10.0,31.10203,2.75196,2.72521,2.18561
10.0,31.95618,2.42576,1.74605,2.20165
10.0,32.67517,2.15117,1.54846,2.1319
10.0,33.25285,1.93055,0.8435,1.9996
10.0,33.68923,1.7639,0.7707,1.80222
10.0,33.98056,1.65264,0.24209,1.84641
10.0,34.12685,1.59677,0.23391,2.12176
